Title,Content Type,Primary Keyword,Category,Search Intent,Priority,Parent (Pillar),Funnel Stage,Status,Internal Links To
What Makes a High-Converting Website Design?,Article,high converting website design,Web Design,Informational,High,Web Design,MOFU,Idea,"Web Design; Why Most Websites Fail to Generate Leads; Web Design San Antonio"
Best Website Layouts for Business Growth,Article,website layout for conversions,Web Design,Informational,Medium,Web Design,TOFU,Idea,"Web Design; What Makes a Website Fast and High Performing?"
How Your Website Design Impacts Trust and Conversions,Article,website design trust factors,Web Design,Informational,High,Web Design,MOFU,Idea,"Web Design San Antonio; Why Most Websites Fail to Generate Leads"
Website Redesign vs New Website: Which Do You Need?,Article,website redesign vs new website,Web Design,Informational,High,Web Design,BOFU,Idea,"Signs Your Business Needs a Website Redesign; Web Design San Antonio"
How Digital Marketing and Web Design Work Together,Article,web design and digital marketing,Digital Marketing,Informational,High,Digital Marketing,MOFU,Idea,"Digital Marketing; Web Design; Digital Marketing San Antonio"
Why Most Digital Marketing Campaigns Fail,Article,why digital marketing fails,Digital Marketing,Informational,High,Digital Marketing,MOFU,Idea,"Digital Marketing San Antonio; Why Most Websites Fail to Generate Leads"
Local Digital Marketing Strategies That Actually Work,Article,local digital marketing strategies,Digital Marketing,Informational,High,Digital Marketing,BOFU,Idea,"Digital Marketing San Antonio; SEO San Antonio"
How Long Does SEO Take to Work for Local Businesses?,Article,how long does seo take,SEO,Informational,High,SEO,TOFU,Idea,"SEO San Antonio; Why SEO Takes Time (And Why That’s a Good Thing)"
On-Page SEO Checklist for Business Websites,Article,on page seo checklist,SEO,Informational,High,SEO,MOFU,Idea,"SEO San Antonio; Ongoing Optimization & Growth"
Local SEO vs National SEO: What’s Right for You?,Article,local vs national seo,SEO,Informational,Medium,SEO,MOFU,Idea,"SEO San Antonio; Digital Marketing"
What Is Custom Web Development (And Do You Need It?),Article,custom web development,Web Development,Informational,High,Web Development,MOFU,Idea,"Web Development; Custom vs Template Websites: What’s Better?"
How Website Speed Affects SEO and Conversions,Article,website speed seo,Web Development,Informational,High,Web Development,MOFU,Idea,"What Makes a Website Fast and High Performing?; Ongoing Optimization & Growth"
What Is Website Optimization and Why It Matters,Article,website optimization,Optimization,Informational,High,Ongoing Optimization & Growth,TOFU,Idea,"Ongoing Optimization & Growth; What Makes a Website Fast and High Performing?"
Conversion Rate Optimization: Turning Traffic Into Leads,Article,conversion rate optimization,Optimization,Informational,High,Ongoing Optimization & Growth,BOFU,Idea,"How to Get More Leads From Your Website; Ongoing Optimization & Growth"
Why Your Website Isn’t Generating Leads (And How to Fix It),Article,why website not generating leads,Optimization,Informational,High,Ongoing Optimization & Growth,BOFU,Idea,"How to Get More Leads From Your Website; Web Design San Antonio"